{"cameraMode":{"drawMode":0,"name":"Shaded","section":"Shading Mode"},"sceneLighting":false,"audioPlay":false,"sceneViewState":{"m_AlwaysRefresh":false,"showFog":true,"showSkybox":true,"showFlares":true,"showImageEffects":true,"showParticleSystems":true,"showVisualEffectGraphs":true,"m_FxEnabled":true},"in2DMode":false,"pivot":{"x":-1.7318171262741089,"y":4.169413089752197,"z":8.22917366027832},"rotation":{"x":0.00021170331456232816,"y":0.972046434879303,"z":-0.23479729890823365,"w":0.0008761751232668757},"size":16.149192810058595,"orthographic":false}